{
  "scale_x": 0.8499999999999999,
  "scale_y": 0.6699999999999996,
  "offset_x": 62.92500000000007,
  "offset_y": 162.94500000000028
}
